,min,max
x,1.0,13.0
y,200.0,640.0
z,0.6006878104700037,1.036264358934734
